{"cameraMode":{"drawMode":0,"name":"Shaded","section":"Shading Mode"},"sceneLighting":true,"audioPlay":false,"sceneViewState":{"m_AlwaysRefresh":false,"showFog":true,"showSkybox":true,"showFlares":true,"showImageEffects":true,"showParticleSystems":true,"showVisualEffectGraphs":true,"m_FxEnabled":true},"in2DMode":false,"pivot":{"x":2.624474287033081,"y":-2.1805684566497804,"z":1.7826188802719117},"rotation":{"x":-0.1214127168059349,"y":-0.14285312592983247,"z":0.017660152167081834,"w":-0.982112467288971},"size":11.098670959472657,"orthographic":true}