{"cameraMode":{"drawMode":0,"name":"Shaded","section":"Shading Mode"},"sceneLighting":true,"audioPlay":false,"sceneViewState":{"m_AlwaysRefresh":false,"showFog":true,"showSkybox":true,"showFlares":true,"showImageEffects":true,"showParticleSystems":true,"showVisualEffectGraphs":true,"m_FxEnabled":true},"in2DMode":false,"pivot":{"x":16.764856338500978,"y":-4.799232006072998,"z":2.496677875518799},"rotation":{"x":0.07429759204387665,"y":0.5165442228317261,"z":-0.045053258538246158,"w":0.8518407940864563},"size":12.227686882019043,"orthographic":false}